{"cameraMode":{"drawMode":0,"name":"Shaded","section":"Shading Mode"},"sceneLighting":true,"audioPlay":false,"sceneViewState":{"showFog":true,"showMaterialUpdate":false,"showSkybox":true,"showFlares":true,"showImageEffects":true,"showParticleSystems":true,"showVisualEffectGraphs":true,"m_FxEnabled":true},"in2DMode":false,"pivot":{"x":144.13206481933595,"y":42.07438278198242,"z":329.3917236328125},"rotation":{"x":-0.013082361780107022,"y":0.8336690068244934,"z":0.019746722653508188,"w":0.5517750382423401},"size":1.030430555343628,"orthographic":false}